name,group,nice_name,component,carrier,attribute,range,unit,min_value,max_value,source,notes
capex_com_gas_furnace,capex_gas_furnace,CAPEX Service Gas Furnace,link,com-total-space-gas-furnace,occ,absolute,USD/kBtu/hr,8,13,https://www.eia.gov/analysis/studies/buildings/equipcosts/,pg 109. Total Installed Cost
capex_res_gas_furnace,capex_gas_furnace,CAPEX Service Gas Furnace,link,res-total-space-gas-furnace,occ,absolute,USD/kBtu/hr,29.75,54,https://www.eia.gov/analysis/studies/buildings/equipcosts/,pg 11. Total Installed Cost
capex_com_lpg_furnace,capex_lpg_furnace,CAPEX Service Oil Furnace,link,com-total-space-oil-furnace,occ,absolute,USD/kBtu/hr,24,39,https://www.eia.gov/analysis/studies/buildings/equipcosts/,pg 112. Total Installed Cost
capex_res_lpg_furnace,capex_lpg_furnace,CAPEX Service Oil Furnace,link,res-total-space-oil-furnace,occ,absolute,USD/kBtu/hr,30.95,96.29,https://www.eia.gov/analysis/studies/buildings/equipcosts/,pg 14. Total Installed Cost
capex_com_elec_furnace,capex_elec_furnace,CAPEX Service Electric Furnace,link,com-total-space-elec-furnace,occ,absolute,USD/kBtu/hr,32,73,https://www.eia.gov/analysis/studies/buildings/equipcosts/,pg 115. Total Installed Cost
capex_res_elec_furnace,capex_elec_furnace,CAPEX Service Electric Furnace,link,res-total-space-elec-furnace,occ,absolute,USD/kBtu/hr,18.97,21.76,https://www.eia.gov/analysis/studies/buildings/equipcosts/,pg 23. Total Installed Cost
capex_com_ashp,capex_ashp,CAPEX Service ASHP,link,com-total-ashp,occ,absolute,USD/kBtu/hr,104,210,https://www.eia.gov/analysis/studies/buildings/equipcosts/,pg 139. Total Installed Cost
capex_res_ashp,capex_ashp,CAPEX Service ASHP,link,res-total-ashp,occ,absolute,USD/kBtu/hr,160.83,239.44,https://www.eia.gov/analysis/studies/buildings/equipcosts/,pg 39. Total Installed Cost
capex_com_gshp,capex_gshp,CAPEX Service GSHP,link,com-total-gshp,occ,absolute,USD/kBtu/hr,447,673,https://www.eia.gov/analysis/studies/buildings/equipcosts/,pg 141. Total Installed Cost
capex_res_gshp,capex_gshp,CAPEX Service GSHP,link,res-total-gshp,occ,absolute,USD/kBtu/hr,390.56,671.39,https://www.eia.gov/analysis/studies/buildings/equipcosts/,pg 45. Total Installed Cost
capex_com_aircon,capex_aircon,CAPEX Service Air Conditioner,link,com-total-air-con,occ,absolute,USD/kBtu/hr,115,196,https://www.eia.gov/analysis/studies/buildings/equipcosts/,pg 143. Total Installed Cost
capex_res_aircon,capex_aircon,CAPEX Service Air Conditioner,link,res-total-air-con,occ,absolute,USD/kBtu/hr,111.11,166.11,https://www.eia.gov/analysis/studies/buildings/equipcosts/,pg 31. Total Installed Cost
capex_com_gas_water_heater,capex_gas_water_heater,CAPEX Service Gas Water Heater,link,com-total-water-gas,occ,absolute,USD/gal,51.4,87.1,https://www.eia.gov/analysis/studies/buildings/equipcosts/,pg 148. Total Installed Cost
capex_res_gas_water_heater,capex_gas_water_heater,CAPEX Service Gas Water Heater,link,res-total-water-gas,occ,absolute,USD/gal,18.5,79,https://www.eia.gov/analysis/studies/buildings/equipcosts/,pg 56. Total Installed Cost
capex_com_lpg_water_heater,capex_lpg_water_heater,CAPEX Service Oil Water Heater,link,com-total-water-oil,occ,absolute,USD/gal,64.35,72,https://www.eia.gov/analysis/studies/buildings/equipcosts/,pg 156. Total Installed Cost
capex_res_lpg_water_heater,capex_lpg_water_heater,CAPEX Service Oil Water Heater,link,res-total-water-oil,occ,absolute,USD/gal,101.56,133.75,https://www.eia.gov/analysis/studies/buildings/equipcosts/,pg 59. Total Installed Cost
capex_com_elec_water_heater,capex_elec_water_heater,CAPEX Service Electric Water Heater,link,com-total-water-elec,occ,absolute,USD/gal,37.48,39.41,https://www.eia.gov/analysis/studies/buildings/equipcosts/,pg 151. Total Installed Cost
capex_res_elec_water_heater,capex_elec_water_heater,CAPEX Service Electric Water Heater,link,res-total-water-elec,occ,absolute,USD/gal,13.89,39.72,https://www.eia.gov/analysis/studies/buildings/equipcosts/,pg 62. Total Installed Cost
capex_trn_elec_lgt,capex_trn_elec,CAPEX Electric Vehicles,link,trn-elec-veh-lgt,occ,absolute,USD,26773,51766,https://data.nrel.gov/submissions/93,Table 4. min/max of filtered on 2015-2035 and BEV200
capex_trn_elec_med,capex_trn_elec,CAPEX Electric Vehicles,link,trn-elec-veh-med,occ,absolute,USD,33864,74575,https://data.nrel.gov/submissions/93,Table 5. min/max of filtered on 2015-2035 and BEV200
capex_trn_elec_hvy,capex_trn_elec,CAPEX Electric Vehicles,link,trn-elec-veh-hvy,occ,absolute,USD,277691,453226,https://data.nrel.gov/submissions/93,Table 9. min/max of filtered on 2017-2040 and Medium Range
capex_trn_elec_bus,capex_trn_elec,CAPEX Electric Vehicles,link,trn-elec-veh-bus,occ,absolute,USD,608265,750000,https://data.nrel.gov/submissions/93,Table 11. min/max of filtered on 2017-2040 and Medium Range
capex_trn_lpg_lgt,capex_trn_lpg,CAPEX Lpg Vehicles,link,trn-lpg-veh-lgt,occ,absolute,USD,23389,26076,https://data.nrel.gov/submissions/93,Table 4. min/max of filtered on 2015-2035 and ICEV
capex_trn_lpg_med,capex_trn_lpg,CAPEX Lpg Vehicles,link,trn-lpg-veh-med,occ,absolute,USD,25785,31275,https://data.nrel.gov/submissions/93,Table 5. min/max of filtered on 2015-2035 and ICEV
capex_trn_lpg_hvy,capex_trn_lpg,CAPEX Lpg Vehicles,link,trn-lpg-veh-hvy,occ,absolute,USD,120000,129377,https://data.nrel.gov/submissions/93,Table 9. min/max of filtered on 2015-2040 and ICEV
capex_trn_lpg_bus,capex_trn_lpg,CAPEX Lpg Vehicles,link,trn-lpg-veh-bus,occ,absolute,USD,326250,543750,https://data.nrel.gov/submissions/93,Table 11. min/max of filtered on 2015-2035 and ICEV. Appled +/- of 25% of ref value
fom_com_gas_furnace,fom_gas_furnace,FOM Service Gas Furnace,link,com-total-space-gas-furnace,fixed_cost,absolute,USD/kBtu/hr,0.5,0.8,https://www.eia.gov/analysis/studies/buildings/equipcosts/,pg 109.
fom_res_gas_furnace,fom_gas_furnace,FOM Service Gas Furnace,link,res-total-space-gas-furnace,fixed_cost,absolute,USD/kBtu/hr,0.5,1.625,https://www.eia.gov/analysis/studies/buildings/equipcosts/,pg 11.
fom_com_lpg_furnace,fom_lpg_furnace,FOM Service Oil Furnace,link,com-total-space-oil-furnace,fixed_cost,absolute,USD/kBtu/hr,0.9,1.48,https://www.eia.gov/analysis/studies/buildings/equipcosts/,pg 112.
fom_res_lpg_furnace,fom_lpg_furnace,FOM Service Oil Furnace,link,res-total-space-oil-furnace,fixed_cost,absolute,USD/kBtu/hr,0.76,2.29,https://www.eia.gov/analysis/studies/buildings/equipcosts/,pg 14.
fom_com_elec_furnace,fom_elec_furnace,FOM Service Electric Furnace,link,com-total-space-elec-furnace,fixed_cost,absolute,USD/kBtu/hr,0.6615,0.8085,https://www.eia.gov/analysis/studies/buildings/equipcosts/,Assumed same as residential electrical furnace
fom_res_elec_furnace,fom_elec_furnace,FOM Service Electric Furnace,link,res-total-space-elec-furnace,fixed_cost,absolute,USD/kBtu/hr,0.6615,0.8085,https://www.eia.gov/analysis/studies/buildings/equipcosts/,pg 23. Assumed +/- 10% around 0.735 USD/kBtu/hr
fom_com_ashp,fom_ashp,FOM Service ASHP,link,com-total-ashp,fixed_cost,absolute,USD/kBtu/hr,3.78,4.62,https://www.eia.gov/analysis/studies/buildings/equipcosts/,pg 139. Assumed +/- 10% around 4.2 USD/kBtu/hr
fom_res_ashp,fom_ashp,FOM Service ASHP,link,res-total-ashp,fixed_cost,absolute,USD/kBtu/hr,0.56,4.2,https://www.eia.gov/analysis/studies/buildings/equipcosts/,pg 39. 
fom_com_gshp,fom_gshp,FOM Service GSHP,link,com-total-gshp,fixed_cost,absolute,USD/kBtu/hr,3.375,4.125,https://www.eia.gov/analysis/studies/buildings/equipcosts/,pg 141. Assumed +/- 10% around 3.75 USD/kBtu/hr
fom_res_gshp,fom_gshp,FOM Service GSHP,link,res-total-gshp,fixed_cost,absolute,USD/kBtu/hr,2.25,2.75,https://www.eia.gov/analysis/studies/buildings/equipcosts/,pg 45. Assumed +/- aaround 2.5 USD/kBtu/hr
fom_com_aircon,fom_aircon,FOM Service Air Conditioner,link,com-total-air-con,fixed_cost,absolute,USD/kBtu/hr,3.69,4.51,https://www.eia.gov/analysis/studies/buildings/equipcosts/,pg 135. Assumed +/- around 4.1 USD/kBtu/hr
fom_res_aircon,fom_aircon,FOM Service Air Conditioner,link,res-total-air-con,fixed_cost,absolute,USD/kBtu/hr,0.72,4.2,https://www.eia.gov/analysis/studies/buildings/equipcosts/,pg 28.
fom_com_gas_water_heater,fom_gas_water_heater,FOM Service Gas Water Heater,link,com-total-water-gas,fixed_cost,absolute,USD/gal,2,3.3,https://www.eia.gov/analysis/studies/buildings/equipcosts/,pg 148. 
fom_res_gas_water_heater,fom_gas_water_heater,FOM Service Gas Water Heater,link,res-total-water-gas,fixed_cost,absolute,USD/gal,0.45,0.55,https://www.eia.gov/analysis/studies/buildings/equipcosts/,pg 56. Assumed +/- 10% around 0.5 USD/gal
fom_com_lpg_water_heater,fom_lpg_water_heater,FOM Service Oil Water Heater,link,com-total-water-oil,fixed_cost,absolute,USD/gal,1,2.86,https://www.eia.gov/analysis/studies/buildings/equipcosts/,pg 156. 
fom_res_lpg_water_heater,fom_lpg_water_heater,FOM Service Oil Water Heater,link,res-total-water-oil,fixed_cost,absolute,USD/gal,5.85,7.15,https://www.eia.gov/analysis/studies/buildings/equipcosts/,pg 59. Assumed +/- 10% around 6.5 USD/gal
fom_com_elec_water_heater,fom_elec_water_heater,FOM Service Electric Water Heater,link,com-total-water-elec,fixed_cost,absolute,USD/gal,0.42,1,https://www.eia.gov/analysis/studies/buildings/equipcosts/,pg 151. 
fom_res_elec_water_heater,fom_elec_water_heater,FOM Service Electric Water Heater,link,res-total-water-elec,fixed_cost,absolute,USD/gal,0.504,0.616,https://www.eia.gov/analysis/studies/buildings/equipcosts/,pg 62. Assumed +/- 10% around 0.56 USD/gal
fom_trn_elec_lgt,fom_trn_elec,FOM Electric Vehicles,link,trn-elec-veh-lgt,fixed_cost,absolute,USD/vmt,0.026,0.031,https://data.nrel.gov/submissions/93,Table 13.
fom_trn_elec_med,fom_trn_elec,FOM Electric Vehicles,link,trn-elec-veh-med,fixed_cost,absolute,USD/vmt,0.038,0.042,https://data.nrel.gov/submissions/93,Table 13.
fom_trn_elec_hvy,fom_trn_elec,FOM Electric Vehicles,link,trn-elec-veh-hvy,fixed_cost,absolute,USD/vmt,0.0855,0.1045,https://data.nrel.gov/submissions/93,Table 13. Assumed +/- 10% around 0.095
fom_trn_elec_bus,fom_trn_elec,FOM Electric Vehicles,link,trn-elec-veh-bus,fixed_cost,absolute,USD/vmt,0.54,0.66,https://data.nrel.gov/submissions/93,Table 13. Assumed +/- 10% around 0.6
fom_trn_lpg_lgt,fom_trn_lpg,FOM Lpg Vehicles,link,trn-lpg-veh-lgt,fixed_cost,absolute,USD/vmt,0.0297,0.0363,https://data.nrel.gov/submissions/93,Table 13. Assumed +/- 10% around 0.033
fom_trn_lpg_med,fom_trn_lpg,FOM Lpg Vehicles,link,trn-lpg-veh-med,fixed_cost,absolute,USD/vmt,0.0423,0.0517,https://data.nrel.gov/submissions/93,Table 13. Assumed +/- 10% around 0.047
fom_trn_lpg_hvy,fom_trn_lpg,FOM Lpg Vehicles,link,trn-lpg-veh-hvy,fixed_cost,absolute,USD/vmt,0.1215,0.1485,https://data.nrel.gov/submissions/93,Table 13. Assumed +/- 10% around 0.135
fom_trn_lpg_bus,fom_trn_lpg,FOM Lpg Vehicles,link,trn-lpg-veh-bus,fixed_cost,absolute,USD/vmt,0.711,0.869,https://data.nrel.gov/submissions/93,Table 13. Assumed +/- 10% around 0.79
lifetime_com_gas_furnace,lifetime_gas_furnace,Lifetime Service Gas Furnace,link,com-total-space-gas-furnace,lifetime,absolute,years,17,29,https://www.eia.gov/analysis/studies/buildings/equipcosts/,pg 109. Estimated on +/- 25% of ref value of 23 years
lifetime_res_gas_furnace,lifetime_gas_furnace,Lifetime Service Gas Furnace,link,res-total-space-gas-furnace,lifetime,absolute,years,16,25,https://www.eia.gov/analysis/studies/buildings/equipcosts/,pg 11. 
lifetime_com_lpg_furnace,lifetime_lpg_furnace,Lifetime Service Oil Furnace,link,com-total-space-oil-furnace,lifetime,absolute,years,17,29,https://www.eia.gov/analysis/studies/buildings/equipcosts/,pg 112. Estimated on +/- 25% of ref value of 23 years
lifetime_res_lpg_furnace,lifetime_lpg_furnace,Lifetime Service Oil Furnace,link,res-total-space-oil-furnace,lifetime,absolute,years,20,33,https://www.eia.gov/analysis/studies/buildings/equipcosts/,pg 14.
lifetime_com_elec_furnace,lifetime_elec_furnace,Lifetime Service Electric Furnace,link,com-total-space-elec-furnace,lifetime,absolute,years,13,23,https://www.eia.gov/analysis/studies/buildings/equipcosts/,pg 115. Estimated on +/- 25% of ref value of 18 years
lifetime_res_elec_furnace,lifetime_elec_furnace,Lifetime Service Electric Furnace,link,res-total-space-elec-furnace,lifetime,absolute,years,15,30,https://www.eia.gov/analysis/studies/buildings/equipcosts/,pg 23. 
lifetime_com_ashp,lifetime_ashp,Lifetime Service ASHP,link,com-total-ashp,lifetime,absolute,years,16,20,https://www.eia.gov/analysis/studies/buildings/equipcosts/,pg 139. Estimated on +/- 25% of ref value of 21 years
lifetime_res_ashp,lifetime_ashp,Lifetime Service ASHP,link,res-total-ashp,lifetime,absolute,years,12,20,https://www.eia.gov/analysis/studies/buildings/equipcosts/,pg 39. Estimated on +/- 25% of ref value of 16 years
lifetime_com_gshp,lifetime_gshp,Lifetime Service GSHP,link,com-total-gshp,lifetime,absolute,years,8,21,https://www.eia.gov/analysis/studies/buildings/equipcosts/,pg 141. 
lifetime_res_gshp,lifetime_gshp,Lifetime Service GSHP,link,res-total-gshp,lifetime,absolute,years,8,21,https://www.eia.gov/analysis/studies/buildings/equipcosts/,pg 45. 
lifetime_com_aircon,lifetime_aircon,Lifetime Service Air Conditioner,link,com-total-air-con,lifetime,absolute,years,16,20,https://www.eia.gov/analysis/studies/buildings/equipcosts/,pg 143. Estimated on +/- 25% of ref value of 21 years
lifetime_res_aircon,lifetime_aircon,Lifetime Service Air Conditioner,link,res-total-air-con,lifetime,absolute,years,11,25,https://www.eia.gov/analysis/studies/buildings/equipcosts/,pg 31. 
lifetime_com_gas_water_heater,lifetime_gas_water_heater,Lifetime Service Gas Water Heater,link,com-total-water-gas,lifetime,absolute,years,10,13,https://www.eia.gov/analysis/studies/buildings/equipcosts/,pg 148. 
lifetime_res_gas_water_heater,lifetime_gas_water_heater,Lifetime Service Gas Water Heater,link,res-total-water-gas,lifetime,absolute,years,13,19,https://www.eia.gov/analysis/studies/buildings/equipcosts/,pg 56. Estimated on +/- 25% of ref value of 15 years
lifetime_com_lpg_water_heater,lifetime_lpg_water_heater,Lifetime Service Oil Water Heater,link,com-total-water-oil,lifetime,absolute,years,9,15,https://www.eia.gov/analysis/studies/buildings/equipcosts/,pg 156. Estimated on +/- 25% of ref value of 13 years
lifetime_res_lpg_water_heater,lifetime_lpg_water_heater,Lifetime Service Oil Water Heater,link,res-total-water-oil,lifetime,absolute,years,13,19,https://www.eia.gov/analysis/studies/buildings/equipcosts/,pg 59. Estimated on +/- 25% of ref value of 15 years
lifetime_com_elec_water_heater,lifetime_elec_water_heater,Lifetime Service Electric Water Heater,link,com-total-water-elec,lifetime,absolute,years,9,15,https://www.eia.gov/analysis/studies/buildings/equipcosts/,pg 151. Estimated on +/- 25% of ref value of 12 years
lifetime_res_elec_water_heater,lifetime_elec_water_heater,Lifetime Service Electric Water Heater,link,res-total-water-elec,lifetime,absolute,years,13,19,https://www.eia.gov/analysis/studies/buildings/equipcosts/,pg 62. Estimated on +/- 25% of ref value of 15 years
lifetime_trn_elec_lgt,lifetime_trn_elec,Lifetime Electric Vehicles,link,trn-elec-veh-lgt,lifetime,absolute,years,10,20,https://www.nrel.gov/docs/fy18osti/70485.pdf,Figure A-4
lifetime_trn_elec_med,lifetime_trn_elec,Lifetime Electric Vehicles,link,trn-elec-veh-med,lifetime,absolute,years,10,20,https://www.nrel.gov/docs/fy18osti/70485.pdf,Figure A-4
lifetime_trn_elec_hvy,lifetime_trn_elec,Lifetime Electric Vehicles,link,trn-elec-veh-hvy,lifetime,absolute,years,10,20,https://www.nrel.gov/docs/fy18osti/70485.pdf,Figure A-4
lifetime_trn_elec_bus,lifetime_trn_elec,Lifetime Electric Vehicles,link,trn-elec-veh-bus,lifetime,absolute,years,8,12,https://www.nrel.gov/docs/fy18osti/70485.pdf,Figure A-4
lifetime_trn_lpg_lgt,lifetime_trn_lpg,Lifetime Lpg Vehicles,link,trn-lpg-veh-lgt,lifetime,absolute,years,10,20,https://www.nrel.gov/docs/fy18osti/70485.pdf,Figure A-4
lifetime_trn_lpg_med,lifetime_trn_lpg,Lifetime Lpg Vehicles,link,trn-lpg-veh-med,lifetime,absolute,years,10,20,https://www.nrel.gov/docs/fy18osti/70485.pdf,Figure A-4
lifetime_trn_lpg_hvy,lifetime_trn_lpg,Lifetime Lpg Vehicles,link,trn-lpg-veh-hvy,lifetime,absolute,years,10,20,https://www.nrel.gov/docs/fy18osti/70485.pdf,Figure A-4
lifetime_trn_lpg_bus,lifetime_trn_lpg,Lifetime Lpg Vehicles,link,trn-lpg-veh-bus,lifetime,absolute,years,8,12,https://www.nrel.gov/docs/fy18osti/70485.pdf,Figure A-4
lifetime_vmt_trn_elec_lgt,vmt_trn_lgt,Yearly VMT Light Duty Vehicles,link,trn-elec-veh-lgt,vmt_per_year,absolute,vmt/year,6346,16364,https://www.nrel.gov/docs/fy18osti/70485.pdf,Figure A-3
lifetime_vmt_trn_elec_med,vmt_trn_med,Yearly VMT Med Duty Vehicles,link,trn-elec-veh-med,vmt_per_year,absolute,vmt/year,6346,16364,https://www.nrel.gov/docs/fy18osti/70485.pdf,Figure A-3
lifetime_vmt_trn_elec_hvy,vmt_trn_hvy,Yearly VMT Heavy Duty Vehicles,link,trn-elec-veh-hvy,vmt_per_year,absolute,vmt/year,48115,88115,https://www.nrel.gov/docs/fy18osti/70485.pdf,Figure A-3
lifetime_vmt_trn_elec_bus,vmt_trn_bus,Yearly VMT Bus Vehicles,link,trn-elec-veh-bus,vmt_per_year,absolute,vmt/year,24053,44053,https://www.nrel.gov/docs/fy18osti/70485.pdf,Figure A-3
lifetime_vmt_trn_lpg_lgt,vmt_trn_lgt,Yearly VMT Light Duty Vehicles,link,trn-lpg-veh-lgt,vmt_per_year,absolute,vmt/year,6346,16364,https://www.nrel.gov/docs/fy18osti/70485.pdf,Figure A-3
lifetime_vmt_trn_lpg_med,vmt_trn_med,Yearly VMT Med Duty Vehicles,link,trn-lpg-veh-med,vmt_per_year,absolute,vmt/year,6346,16364,https://www.nrel.gov/docs/fy18osti/70485.pdf,Figure A-3
lifetime_vmt_trn_lpg_hvy,vmt_trn_hvy,Yearly VMT Heavy Duty Vehicles,link,trn-lpg-veh-hvy,vmt_per_year,absolute,vmt/year,48115,88115,https://www.nrel.gov/docs/fy18osti/70485.pdf,Figure A-3
lifetime_vmt_trn_lpg_bus,vmt_trn_bus,Yearly VMT Bus Vehicles,link,trn-lpg-veh-bus,vmt_per_year,absolute,vmt/year,24053,44053,https://www.nrel.gov/docs/fy18osti/70485.pdf,Figure A-3
eff_com_gas_furnace,eff_gas_furnace,Efficiency Service Gas Furnace,link,com-total-space-gas-furnace,efficiency,absolute,per_unit,0.8,0.89,https://www.eia.gov/analysis/studies/buildings/equipcosts/,pg 109. Upper bound extended to 89% according to PNNL study
eff_res_gas_furnace,eff_gas_furnace,Efficiency Service Gas Furnace,link,res-total-space-gas-furnace,efficiency,absolute,per_unit,0.8,0.98,https://www.eia.gov/analysis/studies/buildings/equipcosts/,pg 11. 
eff_com_lpg_furnace,eff_lpg_furnace,Efficiency Service Oil Furnace,link,com-total-space-oil-furnace,efficiency,absolute,per_unit,0.81,0.85,https://www.eia.gov/analysis/studies/buildings/equipcosts/,pg 112. 
eff_res_lpg_furnace,eff_lpg_furnace,Efficiency Service Oil Furnace,link,res-total-space-oil-furnace,efficiency,absolute,per_unit,0.83,0.97,https://www.eia.gov/analysis/studies/buildings/equipcosts/,pg 14.
eff_com_ashp,cop_ashp,COP Service ASHP,link_t,com-total-ashp,efficiency,percent,percent,-6,5.4,https://www.eia.gov/analysis/studies/buildings/equipcosts/,pg 139. Range is from average COP (3.5) to min/max COP
eff_res_ashp,cop_ashp,COP Service ASHP,link_t,res-total-ashp,efficiency,percent,percent,-28.4,18.6,https://www.eia.gov/analysis/studies/buildings/equipcosts/,pg 141. Range is from average COP (8.6) to min/max COP
eff_com_gshp,cop_gshp,COP Service GSHP,link_t,com-total-gshp,efficiency,percent,percent,-12.9,5.4,https://www.eia.gov/analysis/studies/buildings/equipcosts/,pg 45. Range is from average COP (3.5) to min/max COP
eff_res_gshp,cop_gshp,COP Service GSHP,link_t,res-total-gshp,efficiency,percent,percent,-22.6,15.6,https://www.eia.gov/analysis/studies/buildings/equipcosts/,pg 45. Range is from average COP (3.8) to min/max COP
eff_com_aircon,eff_aircon,Efficiency Service Air Conditioner,link,com-total-air-con,efficiency,absolute,per_unit,3.6,6.8,https://www.eia.gov/analysis/studies/buildings/equipcosts/,pg 143. 
eff_res_aircon,eff_aircon,Efficiency Service Air Conditioner,link,res-total-air-con,efficiency,absolute,per_unit,3.08,3.78,https://www.eia.gov/analysis/studies/buildings/equipcosts/,pf 31. SEER2 converted to COP
eff_com_gas_water_heater,eff_gas_water_heater,Efficiency Service Gas Water Heater,link,com-total-water-gas,efficiency,absolute,per_unit,0.81,0.99,https://www.eia.gov/analysis/studies/buildings/equipcosts/,pg 148. 
eff_res_gas_water_heater,eff_gas_water_heater,Efficiency Service Gas Water Heater,link,res-total-water-gas,efficiency,absolute,per_unit,0.58,0.84,https://www.eia.gov/analysis/studies/buildings/equipcosts/,pg 56. UEF is assumed to be per-unit efficiency
eff_com_lpg_water_heater,eff_lpg_water_heater,Efficiency Service Oil Water Heater,link,com-total-water-oil,efficiency,absolute,per_unit,0.79,0.82,https://www.eia.gov/analysis/studies/buildings/equipcosts/,pg 156.
eff_res_lpg_water_heater,eff_lpg_water_heater,Efficiency Service Oil Water Heater,link,res-total-water-oil,efficiency,absolute,per_unit,0.51,0.68,https://www.eia.gov/analysis/studies/buildings/equipcosts/,pg 59. UEF is assumed to be per-unit efficiency
eff_com_elec_water_heater,eff_elec_water_heater,Efficiency Service Electric Water Heater,link,com-total-water-elec,efficiency,absolute,per_unit,0.95,0.99,https://www.eia.gov/analysis/studies/buildings/equipcosts/,pg 151. 
eff_res_elec_water_heater,eff_elec_water_heater,Efficiency Service Electric Water Heater,link,res-total-water-elec,efficiency,absolute,per_unit,0.88,0.93,https://www.eia.gov/analysis/studies/buildings/equipcosts/,pg 62. UEF is assumed to be per-unit efficiency
eff_trn_elec_lgt,eff_trn_elec,Efficiency Electric Vehicles,link,trn-elec-veh-lgt,efficiency,absolute,mpge,97,169,https://data.nrel.gov/submissions/93,Table 6. min/max of filtered on 2015-2035 and BEV200
eff_trn_elec_med,eff_trn_elec,Efficiency Electric Vehicles,link,trn-elec-veh-med,efficiency,absolute,mpge,16.17,23.8,https://data.nrel.gov/submissions/93,Table 10. min/max of filtered on 2017-2040 and Medium Range
eff_trn_elec_hvy,eff_trn_elec,Efficiency Electric Vehicles,link,trn-elec-veh-hvy,efficiency,absolute,mpge,5.33,7.6,https://data.nrel.gov/submissions/93,Table 10. min/max of filtered on 2017-2040 and Heavy Range
eff_trn_elec_bus,eff_trn_elec,Efficiency Electric Vehicles,link,trn-elec-veh-bus,efficiency,absolute,mpge,16.05,21.44,https://data.nrel.gov/submissions/93,Table 12. min/max of filtered on 2016-2035 and BEV
eff_trn_lpg_lgt,eff_trn_lpg,Efficiency Lpg Vehicles,link,trn-lpg-veh-lgt,efficiency,absolute,mpge,25.9,49.42,https://data.nrel.gov/submissions/93,Table 6. min/max of filtered on 2015-2035 and ICEV
eff_trn_lpg_med,eff_trn_lpg,Efficiency Lpg Vehicles,link,trn-lpg-veh-med,efficiency,absolute,mpge,16.35,39.19,https://data.nrel.gov/submissions/93,Table 7. min/max of filtered on 2015-2035 and ICEV
eff_trn_lpg_hvy,eff_trn_lpg,Efficiency Lpg Vehicles,link,trn-lpg-veh-hvy,efficiency,absolute,mpge,5.44,7.41,https://data.nrel.gov/submissions/93,Table 10. min/max of filtered on 2015-2040 and ICEV
eff_trn_lpg_bus,eff_trn_lpg,Efficiency Lpg Vehicles,link,trn-lpg-veh-bus,efficiency,absolute,mpge,3.45,4.61,https://data.nrel.gov/submissions/93,Table 12. min/max of filtered on 2016-2035 and ICEV
capex_ind_gas_furnace,capex_ind_gas_furnace,CAPEX Industrial Gas Furnace,link,ind-gas-furnace,occ,absolute,USD/kw,14.175,17.325,https://ens.dk/en/analyses-and-statistics/technology-data-industrial-process-heat,312.a Direct firing Natural Gas. Assumed +/- 10% around ref value of 0.015. Conversion of 1.05 USD per EUR
capex_ind_coal_furnace,capex_ind_coal_furnace,CAPEX Industrial Coal Furnace,link,ind-coal-furnace,occ,absolute,USD/kw,207.9,254.1,https://ens.dk/en/analyses-and-statistics/technology-data-industrial-process-heat,312.b Direct firing Solid Fuels. Assumed +/- 10% around ref value of 0.22. Conversion of 1.05 USD per EUR
capex_ind_heat_pump,capex_ind_heat_pump,CAPEX Industrial Heat Pump,link,ind-heat-pump,occ,absolute,USD/kw,823.3,1027.5,https://ens.dk/en/analyses-and-statistics/technology-data-industrial-process-heat,302a and 302b. High temp hp up to 125C/150C
fom_ind_gas_furnace,fom_ind_gas_furnace,FOM Industrial Gas Furnace,link,ind-gas-furnace,fixed_cost,absolute,USD/kw,0.396025,0.46501,https://ens.dk/en/analyses-and-statistics/technology-data-industrial-process-heat,312.a Direct firing Natural Gas. Conversion of 1.05 USD per EUR
fom_ind_coal_furnace,fom_ind_coal_furnace,FOM Industrial Coal Furnace,link,ind-coal-furnace,fixed_cost,absolute,USD/kw,0.396025,0.46501,https://ens.dk/en/analyses-and-statistics/technology-data-industrial-process-heat,312.b Direct firing Solid Fuels. Conversion of 1.05 USD per EUR
fom_ind_heat_pump,fom_ind_heat_pump,FOM Industrial Heat Pump,link,ind-heat-pump,fixed_cost,absolute,USD/kw,1.8396,2.47835,https://ens.dk/en/analyses-and-statistics/technology-data-industrial-process-heat,302a and 302b. High temp hp up to 125C/150C. Conversion of 1.05 USD per EUR
lifetime_ind_gas_furnace,lifetime_ind_gas_furnace,Lifetime Industrial Gas Furnace,link,ind-gas-furnace,lifetime,absolute,years,15,20,https://ens.dk/en/analyses-and-statistics/technology-data-industrial-process-heat,312.a Direct firing Natural Gas:  
lifetime_ind_coal_furnace,lifetime_ind_coal_furnace,Lifetime Industrial Coal Furnace,link,ind-coal-furnace,lifetime,absolute,years,10,20,https://ens.dk/en/analyses-and-statistics/technology-data-industrial-process-heat,312.b Direct firing Solid Fuels.
lifetime_ind_heat_pump,lifetime_ind_heat_pump,Lifetime Industrial Heat Pump,link,ind-heat-pump,lifetime,absolute,years,15,30,https://ens.dk/en/analyses-and-statistics/technology-data-industrial-process-heat,302a and 302b. High temp hp up to 125C/150C
eff_ind_gas_furnace,eff_ind_gas_furnace,Efficiency Industrial Gas Furnace,link,ind-gas-furnace,efficiency,absolute,per_unit,0.9,1,https://ens.dk/en/analyses-and-statistics/technology-data-industrial-process-heat,312.a Direct firing Natural Gas. Lower bound estimated  
eff_ind_coal_furnace,eff_ind_coal_furnace,Efficiency Industrial Coal Furnace,link,ind-coal-furnace,efficiency,absolute,per_unit,0.9,1,https://ens.dk/en/analyses-and-statistics/technology-data-industrial-process-heat,312.b Direct firing Solid Fuels. Lower bound estimated
eff_ind_heat_pump,eff_ind_heat_pump,Efficiency Industrial Heat Pump,link,ind-heat-pump,efficiency,percent,percent,-16.3,15.9,https://ens.dk/en/analyses-and-statistics/technology-data-industrial-process-heat,"302a and 302b. Total efficiency, net (%), annual average. Range is from average efficiency (296.5) to min/max efficiency. "
capex_coal,capex_pwr_fossil,CAPEX Fossil Power,link,coal,occ,absolute,USD/kw,2866,3201,https://atb.nrel.gov/,Coal_FE. Min/max of 2022 to 2035.
fom_coal,fom_pwr_fossil,FOM Fossil Power,link,coal,fixed_cost,absolute,USD/kw,78.7,86.5,https://atb.nrel.gov/,Coal_FE. Min/max of 2022 to 2035.
wacc_coal,wacc_pwr_fossil,Discount Rate Fossil Power,link,coal,discount_rate,absolute,percent,5.11,5.36,https://atb.nrel.gov/,Coal. Min/max of 2022 to 2035.
lifetime_coal,lifetime_pwr_fossil,Lifetime Fossil Power,link,coal,lifetime,absolute,years,20,30,https://atb.nrel.gov/electricity/2024/definitions,Technical lifetimes from ATB and REeDS
eff_coal,eff_pwr_fossil,Efficiency Fossil Power,link,coal,efficiency,absolute,mmbtu/mwh,7.84,8.49,https://atb.nrel.gov/,Coal_FE. Min/max of 2022 to 2035.
capfac_coal,capfac_pwr_fossil,Capacity Factor Fossil Power,link,coal,p_max_pu,absolute,per_unit,0.85,1,https://www.nrel.gov/docs/fy11osti/48595.pdf ,Table 8. AEO
capex_oil,capex_pwr_fossil,CAPEX Fossil Power,link,oil,occ,absolute,USD/kw,2866,3201,https://atb.nrel.gov/electricity/2024/definitions,Assumed same as Coal
fom_oil,fom_pwr_fossil,FOM Fossil Power,link,oil,fixed_cost,absolute,USD/kw,78.7,86.5,https://atb.nrel.gov/electricity/2024/definitions,Assumed same as coal
wacc_oil,wacc_pwr_fossil,Discount Rate Fossil Power,link,oil,discount_rate,absolute,percent,5.11,5.36,https://atb.nrel.gov/electricity/2024/definitions,Assumed same as coal
lifetime_oil,lifetime_pwr_fossil,Lifetime Fossil Power,link,oil,lifetime,absolute,years,20,30,https://atb.nrel.gov/electricity/2024/definitions,Technical lifetimes from ATB and REeDS
eff_oil,eff_pwr_fossil,Efficiency Fossil Power,link,oil,efficiency,absolute,mmbtu/mwh,7.84,8.49,https://atb.nrel.gov/electricity/2024/definitions,Assumed same as coal
capfac_oil,capfac_pwr_fossil,Capacity Factor Fossil Power,link,oil,p_max_pu,absolute,per_unit,0.85,1,https://www.nrel.gov/docs/fy11osti/48595.pdf ,Table 8. AEO IGCC
capex_geothermal,capex_pwr_geo,CAPEX Geothermal,generator,geothermal,occ,absolute,USD/kw,3776,4759,https://atb.nrel.gov/,Geothermal-HydroFlash. Min/max of 2022 to 2035.
fom_geothermal,fom_pwr_geo,FOM Geothermal,generator,geothermal,fixed_cost,absolute,USD/kw,111.5,121.2,https://atb.nrel.gov/,Geothermal-HydroFlash. Min/max of 2022 to 2035.
wacc_geothermal,wacc_pwr_geo,Discount Rate Geothermal,generator,geothermal,discount_rate,absolute,percent,4.48,5.15,https://atb.nrel.gov/,Geothermal. Min/max of 2022 to 2035.
lifetime_geothermal,lifetime_pwr_geo,Lifetime Geothermal,generator,geothermal,lifetime,absolute,years,20,30,https://atb.nrel.gov/electricity/2024/definitions,Technical lifetimes from ATB and REeDS
eff_geothermal,eff_pwr_geo,Efficiency Geothermal,generator,geothermal,efficiency,absolute,per_unit,0.12,0.21,https://www.sciencedirect.com/science/article/pii/S0375650513001120,Avergage of 12 up to max of 21
capfac_geothermal,capfac_pwr_geo,Capacity Factor Geothermal,generator,geothermal,p_max_pu,absolute,per_unit,0.9,1,https://www.nrel.gov/docs/fy11osti/48595.pdf ,Table 8. AEO
capex_waste,capex_pwr_fossil,CAPEX Fossil Power,generator,waste,occ,absolute,USD/kw,2866,3201,https://atb.nrel.gov/electricity/2024/definitions,Assumed same as Coal
fom_waste,fom_pwr_fossil,FOM Fossil Power,generator,waste,fixed_cost,absolute,USD/kw,78.7,86.5,https://atb.nrel.gov/electricity/2024/definitions,Assumed same as coal
wacc_waste,wacc_pwr_fossil,Discount Rate Fossil Power,generator,waste,discount_rate,absolute,percent,5.11,5.36,https://atb.nrel.gov/electricity/2024/definitions,Assumed same as coal
lifetime_waste,lifetime_pwr_fossil,Lifetime Fossil Power,generator,waste,lifetime,absolute,years,20,30,https://atb.nrel.gov/electricity/2024/definitions,Technical lifetimes from ATB and REeDS
eff_waste,eff_pwr_fossil,Efficiency Fossil Power,generator,waste,efficiency,absolute,mmbtu/mwh,7.84,8.49,https://atb.nrel.gov/electricity/2024/definitions,Assumed same as coal
capfac_waste,capfac_pwr_fossil,Capacity Factor Fossil Power,generator,waste,p_max_pu,absolute,per_unit,0.85,1,https://www.nrel.gov/docs/fy11osti/48595.pdf ,Table 8. AEO IGCC
capex_ocgt,capex_pwr_natgas,CAPEX Nat Gas Power,link,OCGT,occ,absolute,USD/kw,996,1110,https://atb.nrel.gov/electricity/2024/definitions,NG Combustion Turbine (F-Frame). Min/Max of 2022 to 2035.
fom_ocgt,fom_pwr_natgas,FOM Nat Gas Power,link,OCGT,fixed_cost,absolute,USD/kw,1221,1348,https://atb.nrel.gov/electricity/2024/definitions,NG Combustion Turbine (F-Frame). Min/Max of 2022 to 2035.
wacc_ocgt,wacc_pwr_natgas,Discount Rate Nat Gas Power,link,OCGT,discount_rate,absolute,percent,5.11,5.35,https://atb.nrel.gov/electricity/2024/definitions,Natural Gas. Min/Max of 2022 to 2035.
lifetime_ocgt,lifetime_pwr_natgas,Lifetime Nat Gas Power,link,OCGT,lifetime,absolute,years,20,30,https://atb.nrel.gov/electricity/2024/definitions,Technical lifetimes from ATB and REeDS
eff_ocgt,eff_pwr_natgas,Efficiency Nat Gas Power,link,OCGT,efficiency,absolute,mmbtu/mwh,9.717,11.371,https://atb.nrel.gov/electricity/2024/definitions,NG Combustion Turbine (F-Frame). Max taken from https://www.eia.gov/electricity/annual/html/epa_08_02.html.
capfac_ocgt,capfac_pwr_natgas,Capacity Factor Nat Gas Power,link,OCGT,p_max_pu,absolute,per_unit,0.92,1,https://www.nrel.gov/docs/fy11osti/48595.pdf ,Table 8. AEO
capex_ccgt,capex_pwr_natgas,CAPEX Nat Gas Power,link,CCGT,occ,absolute,USD/kw,1073,1245,https://atb.nrel.gov/electricity/2024/definitions,F-Frame CC. Min/Max of 2022 to 2035.
fom_ccgt,fom_pwr_natgas,FOM Nat Gas Power,link,CCGT,fixed_cost,absolute,USD/kw,28.3,34.5,https://atb.nrel.gov/electricity/2024/definitions,F-Frame CC. Min/Max of 2022 to 2035.
wacc_ccgt,wacc_pwr_natgas,Discount Rate Nat Gas Power,link,CCGT,discount_rate,absolute,percent,5.11,5.35,https://atb.nrel.gov/electricity/2024/definitions,Natural Gas. Min/Max of 2022 to 2035.
lifetime_ccgt,lifetime_pwr_natgas,Lifetime Nat Gas Power,link,CCGT,lifetime,absolute,years,20,30,https://atb.nrel.gov/electricity/2024/definitions,Technical lifetimes from ATB and REeDS
eff_ccgt,eff_pwr_natgas,Efficiency Nat Gas Power,link,CCGT,efficiency,absolute,mmbtu/mwh,5.955,6.363,https://atb.nrel.gov/electricity/2024/definitions,F-Frame CC. Min/Max of 2022 to 2035.
capfac_ccgt,capfac_pwr_natgas,Capacity Factor Nat Gas Power,link,CCGT,p_max_pu,absolute,per_unit,0.87,1,https://www.nrel.gov/docs/fy11osti/48595.pdf ,Table 8. AEO
capex_ccgt95ccs,capex_pwr_natgas,CAPEX Nat Gas Power,link,CCGT-95CCS,occ,absolute,USD/kw,1669,2656,https://atb.nrel.gov/electricity/2024/definitions,F-Frame CC 95% CCS. Min/Max of 2022 to 2035.
fom_ccgt95ccs,fom_pwr_natgas,FOM Nat Gas Power,link,CCGT-95CCS,fixed_cost,absolute,USD/kw,42.9,70.7,https://atb.nrel.gov/electricity/2024/definitions,F-Frame CC 95% CCS. Min/Max of 2022 to 2035.
wacc_ccgt95ccs,wacc_pwr_natgas,Discount Rate Nat Gas Power,link,CCGT-95CCS,discount_rate,absolute,percent,5.11,5.35,https://atb.nrel.gov/electricity/2024/definitions,Natural Gas. Min/Max of 2022 to 2035.
lifetime_ccgt95ccs,lifetime_pwr_natgas,Lifetime Nat Gas Power,link,CCGT-95CCS,lifetime,absolute,years,20,30,https://atb.nrel.gov/electricity/2024/definitions,Technical lifetimes from ATB and REeDS
eff_ccgt95ccs,eff_pwr_natgas,Efficiency Nat Gas Power,link,CCGT-95CCS,efficiency,absolute,mmbtu/mwh,6.474,7.22,https://atb.nrel.gov/electricity/2024/definitions,F-Frame CC 95% CCS. Min/Max of 2022 to 2035.
capfac_ccgt95ccs,capfac_pwr_natgas,Capacity Factor Nat Gas Power,link,CCGT-95CCS,p_max_pu,absolute,per_unit,0.87,1,https://www.nrel.gov/docs/fy11osti/48595.pdf ,Table 8. AEO
capex_nuclear,capex_pwr_clean,CAPEX Clean Power,generator,nuclear,occ,absolute,USD/kw,4000,7500,https://atb.nrel.gov/electricity/2024/definitions,Nuclear - Large. Min/Max of 2022 to 2035.
fom_nuclear,fom_pwr_clean,FOM Clean Power,generator,nuclear,fixed_cost,absolute,USD/kw,126,204,https://atb.nrel.gov/electricity/2024/definitions,Nuclear - Large. Min/Max of 2022 to 2035.
wacc_nuclear,wacc_pwr_clean,Discount Rate Clean Power,generator,nuclear,discount_rate,absolute,percent,5.6,5.7,https://atb.nrel.gov/electricity/2024/definitions,Nuclear. Min/Max of 2022 to 2035.
lifetime_nuclear,lifetime_pwr_clean,Lifetime Clean Power,generator,nuclear,lifetime,absolute,years,40,60,https://atb.nrel.gov/electricity/2024/definitions,Lower bound estimated
eff_nuclear,eff_pwr_clean,Efficiency Clean Power,generator,nuclear,efficiency,absolute,mmbtu/mwh,10.429,10.497,https://atb.nrel.gov/electricity/2024/definitions,Nuclear - Large. Min taken from https://www.eia.gov/electricity/annual/html/epa_08_02.html.
capfac_nuclear,capfac_pwr_clean,Capacity Factor Clean Power,generator,nuclear,p_max_pu,absolute,per_unit,0.9,1,https://www.nrel.gov/docs/fy11osti/48595.pdf ,Table 8. AEO
capex_biomass,capex_pwr_clean,CAPEX Clean Power,generator,biomass,occ,absolute,USD/kw,4022,4830,https://atb.nrel.gov/electricity/2024/definitions,Biopower. Min/Max of 2022 to 2035
fom_biomass,fom_pwr_clean,FOM Clean Power,generator,biomass,fixed_cost,absolute,USD/kw,156,172,https://atb.nrel.gov/electricity/2024/definitions,Biopower. +/- 5% of ref value of 164
wacc_biomass,wacc_pwr_clean,Discount Rate Clean Power,generator,biomass,discount_rate,absolute,percent,4.47,5.4,https://atb.nrel.gov/electricity/2024/definitions,Biopower. Min/Max of 2022 to 2035
lifetime_biomass,lifetime_pwr_clean,Lifetime Clean Power,generator,biomass,lifetime,absolute,years,20,45,https://atb.nrel.gov/electricity/2024/definitions,Lower bound estimated
eff_biomass,eff_pwr_clean,Efficiency Clean Power,generator,biomass,efficiency,absolute,percent,30,42,https://www.energy.gov/sites/prod/files/2015/12/f27/QTR2015-4B-Biopower.pdf,Min on pg 4. Max on pg 15.
capfac_biomass,capfac_pwr_clean,Capacity Factor Clean Power,generator,biomass,p_max_pu,absolute,per_unit,0.83,1,https://www.nrel.gov/docs/fy11osti/48595.pdf ,Table 8. AEO
capex_hydro,capex_pwr_clean,CAPEX Clean Power,generator,hydro,occ,absolute,USD/kw,2762,17216,https://atb.nrel.gov/,"Hydropower - NDP1, NDP2, NDP3, NDP4. Min/max of 2022 to 2035."
fom_hydro,fom_pwr_clean,FOM Clean Power,generator,hydro,fixed_cost,absolute,USD/kw,87,188,https://atb.nrel.gov/,"Hydropower - NDP1, NDP2, NDP3, NDP4. Min/max of 2022 to 2035."
wacc_hydro,wacc_pwr_clean,Discount Rate Clean Power,generator,hydro,discount_rate,absolute,percent,3.2,4.8,https://atb.nrel.gov/,Hydropower. Min/max of 2022 to 2035.
lifetime_hydro,lifetime_pwr_clean,Lifetime Clean Power,generator,hydro,lifetime,absolute,years,75,100,https://atb.nrel.gov/electricity/2024/definitions,Lower bound estimated
eff_hydro,eff_pwr_clean,Efficiency Clean Power,generator,hydro,efficiency,absolute,percent,80,95,https://www.ipcc.ch/site/assets/uploads/2018/03/Chapter-5-Hydropower-1.pdf,Estimated from Figure 5.9.
capfac_hydro,capfac_pwr_clean,Capacity Factor Clean Power,generator_t,hydro,p_max_pu,percent,percent,-3,3,https://www.nrel.gov/docs/fy11osti/48595.pdf ,Table 8. AEO
capex_solar,capex_solar,CAPEX Solar,generator,solar,occ,absolute,USD/kw,609,1435,https://atb.nrel.gov/,Utility PV - Class 5. Min/Max from 2022 to  2035.
fom_solar,fom_solar,FOM Solar,generator,solar,fixed_cost,absolute,USD/kw,12.76,23.77,https://atb.nrel.gov/,Utility PV - Class 5. Min/Max from 2022 to  2035.
wacc_solar,wacc_solar,Discount Rate Solar,generator,solar,discount_rate,absolute,percent,3.93,4.68,https://atb.nrel.gov/,Utility PV. Min/Max from 2022 to  2035.
lifetime_solar,lifetime_solar,Lifetime Solar,generator,solar,lifetime,absolute,years,20,30,https://atb.nrel.gov/electricity/2024/definitions,Technical lifetimes from ATB and REeDS
eff_solar,eff_solar,Efficiency Solar,generator,solar,efficiency,absolute,percent,86,96,https://www.nrel.gov/docs/fy22osti/83586.pdf,Table 15
capfac_solar,capfac_solar,Capacity Factor Solar,generator_t,solar,p_max_pu,percent,percent,-5,5,https://doi.org/10.1016/j.energy.2016.08.060,Used RMS error from Table 1
capex_onwind,capex_wind,CAPEX Wind,generator,onwind,occ,absolute,USD/kw,1087,1607,https://atb.nrel.gov/,Landbased Wind - Class 4. Min/Max from 2022 to 2035.
fom_onwind,fom_wind,FOM Wind,generator,onwind,fixed_cost,absolute,USD/kw,23.8,32.4,https://atb.nrel.gov/,Landbased Wind - Class 4. Min/Max from 2022 to 2035.
wacc_onwind,wacc_wind,Discount Rate Wind,generator,onwind,discount_rate,absolute,percent,4.66,5.27,https://atb.nrel.gov/,Landbased wind. Min/Max from 2022 to 2035
lifetime_onwind,lifetime_wind,Lifetime Wind,generator,onwind,lifetime,absolute,years,20,30,https://atb.nrel.gov/electricity/2024/definitions,Technical lifetimes from ATB and REeDS
eff_onwind,eff_wind,Efficiecny Wind,generator,onwind,efficiency,absolute,percent,95,99,https://doi.org/10.1109/EPE.2013.6634385,Estimated from Figure 9
capfac_onwind,capfac_wind,Capacity Factor Wind,generator_t,onwind,p_max_pu,percent,percent,-4,4,https://doi.org/10.1016/j.energy.2016.08.068,Used RMS error
capex_offwind_floating,capex_wind,CAPEX Wind,generator,offwind_floating,occ,absolute,USD/kw,2238,5891,https://atb.nrel.gov/,Offshore wind - Class 5. Min/Max from 2022 to 2035.
fom_offwind_floating,fom_wind,FOM Wind,generator,offwind_floating,fixed_cost,absolute,USD/kw,68.9,91.6,https://atb.nrel.gov/,Offshore wind - Class 5. Min/Max from 2022 to 2035.
wacc_offwind_floating,wacc_wind,Discount Rate Wind,generator,offwind_floating,discount_rate,absolute,percent,4.91,5.15,https://atb.nrel.gov/,Offshore wind. Min/Max from 2022 to 2035
lifetime_offwind_floating,lifetime_wind,Lifetime Wind,generator,offwind_floating,lifetime,absolute,years,20,30,https://atb.nrel.gov/electricity/2024/definitions,Technical lifetimes from ATB and REeDS
eff_offwind_floating,eff_wind,Efficiecny Wind,generator,offwind_floating,efficiency,absolute,per_unit,0.97,1,https://doi.org/10.1109/EPE.2013.6634385,Estimated from Table 4. 50Hz total losses
capfac_offwind_floating,capfac_wind,Capacity Factor Wind,generator_t,offwind_floating,p_max_pu,percent,percent,-4,4,https://doi.org/10.1016/j.energy.2016.08.068,Used RMS error
capex_4hr_battery,capex_battery,CAPEX Battery,StorageUnit,4hr_battery_storage,occ,absolute,USD/kw,892,2012,https://atb.nrel.gov/,Utility-Scale Battery Storage - 4Hr Battery Storage. Min/Max from 2022 to 2035
fom_4hr_battery,fom_battery,FOM Battery,StorageUnit,4hr_battery_storage,fixed_cost,absolute,USD/kw,22.3,50.38,https://atb.nrel.gov/,Utility-Scale Battery Storage - 4Hr Battery Storage. Min/Max from 2022 to 2035
wacc_4hr_battery,wacc_battery,Discount Rate Battery,StorageUnit,4hr_battery_storage,discount_rate,absolute,percent,5.71,6.24,https://www.nrel.gov/docs/fy22osti/83586.pdf,Table 14
lifetime_4hr_battery,lifetime_battery,Lifetime Battery ,StorageUnit,4hr_battery_storage,lifetime,absolute,years,15,20,https://www.nrel.gov/docs/fy23osti/85332.pdf ,Figure 6
eff_4hr_battery,eff_battery,Efficiency Battery ,StorageUnit,4hr_battery_storage,efficiency_store,absolute,percent,85,90,https://www.nrel.gov/docs/fy23osti/85332.pdf ,Figure 6
capfac_4hr_battery,capfac_battery,Capacity Factor Battery,StorageUnit,4hr_battery_storage,p_max_pu,absolute,per_unit,0.9,1,https://atb.nrel.gov/electricity/2024/utility-scale_battery_storage,Assumed as no daily cycling requirments
capex_8hr_battery,capex_battery,CAPEX Battery,StorageUnit,8hr_battery_storage,occ,absolute,USD/kw,1617,3645,https://atb.nrel.gov/,Utility-Scale Battery Storage - 8Hr Battery Storage. Min/Max from 2022 to 2035
fom_8hr_battery,fom_battery,FOM Battery,StorageUnit,8hr_battery_storage,fixed_cost,absolute,USD/kw,40.44,91.14,https://atb.nrel.gov/,Utility-Scale Battery Storage - 8Hr Battery Storage. Min/Max from 2022 to 2035
wacc_8hr_battery,wacc_battery,Discount Rate Battery,StorageUnit,8hr_battery_storage,discount_rate,absolute,percent,5.71,6.24,https://www.nrel.gov/docs/fy22osti/83586.pdf,Table 14
lifetime_8hr_battery,lifetime_battery,Lifetime Battery ,StorageUnit,8hr_battery_storage,lifetime,absolute,years,15,20,https://www.nrel.gov/docs/fy23osti/85332.pdf ,Figure 6
eff_8hr_battery,eff_battery,Efficiency Battery ,StorageUnit,8hr_battery_storage,efficiency_store,absolute,percent,85,90,https://www.nrel.gov/docs/fy23osti/85332.pdf ,Figure 6
capfac_8hr_battery,capfac_battery,Capacity Factor Battery,StorageUnit,8hr_battery_storage,p_max_pu,absolute,per_unit,0.9,1,https://atb.nrel.gov/electricity/2024/utility-scale_battery_storage,Assumed as no daily cycling requirments
p_nom_com_gas_furnace,p_nom_gas_furnace,Stock Service Gas Furnace,link,com-total-space-gas-furnace,p_nom,percent,percent,-20.9,20.9,https://www.eia.gov/consumption/commercial/data/2018/index.php?view=consumption,"National max relative standard error for  Primary Space-Heating Energy Source (Natural Gas) in C7, C8, C9."
p_nom_res_gas_furnace,p_nom_gas_furnace,Stock Service Gas Furnace,link,res-total-space-gas-furnace,p_nom,percent,percent,-34,34,https://www.eia.gov/consumption/residential/data/2020/state/pdf/State%20Space%20Heating%20Fuels.pdf,Average relative standard error.
p_nom_com_elec_furnace,p_nom_elec_furnace,Stock Service Oil Furnace,link,com-total-space-oil-furnace,p_nom,percent,percent,-100,110.5,https://www.eia.gov/consumption/commercial/data/2018/index.php?view=consumption,"National max relative standard error for  Primary Space-Heating Energy Source (Fuel Oil) in C7, C8, C9."
p_nom_res_elec_furnace,p_nom_elec_furnace,Stock Service Oil Furnace,link,res-total-space-oil-furnace,p_nom,percent,percent,-4,4,https://www.eia.gov/consumption/residential/data/2020/state/pdf/State%20Space%20Heating%20Fuels.pdf,Average relative standard error.
p_nom_com_lpg_furnace,p_nom_lpg_furnace,Stock Service Electric Furnace,link,com-total-space-elec-furnace,p_nom,percent,percent,-35.4,35.4,https://www.eia.gov/consumption/commercial/data/2018/index.php?view=consumption,"National max relative standard error for  Primary Space-Heating Energy Source (Electricity) in C7, C8, C9."
p_nom_res_lpg_furnace,p_nom_lpg_furnace,Stock Service Electric Furnace,link,res-total-space-elec-furnace,p_nom,percent,percent,-51,51,https://www.eia.gov/consumption/residential/data/2020/state/pdf/State%20Space%20Heating%20Fuels.pdf,Average relative standard error.
p_nom_com_ashp,p_nom_ashp,Stock Service ASHP,link,com-total-ashp,p_nom,percent,percent,-36.1,36.1,https://www.eia.gov/consumption/commercial/data/2018/index.php?view=consumption,"National max relative standard error for Heat Pumps in C7, C8, C9."
p_nom_res_ashp,p_nom_ashp,Stock Service ASHP,link,res-total-ashp,p_nom,percent,percent,-13,13,https://www.eia.gov/consumption/residential/data/2020/state/pdf/State%20Space%20Heating.pdf,Average relative standard error.
p_nom_com_gshp,p_nom_gshp,Stock Service GSHP,link,com-total-gshp,p_nom,percent,percent,-36.1,36.1,https://www.eia.gov/consumption/commercial/data/2018/index.php?view=consumption,"National max relative standard error for Heat Pumps in C7, C8, C9."
p_nom_res_gshp,p_nom_gshp,Stock Service GSHP,link,res-total-gshp,p_nom,percent,percent,-13,13,https://www.eia.gov/consumption/residential/data/2020/state/pdf/State%20Space%20Heating.pdf,Average relative standard error.
p_nom_com_aircon,p_nom_aircon,Stock Service Air Conditioner,link,com-total-air-con,p_nom,percent,percent,-18.2,18,https://www.eia.gov/consumption/commercial/data/2018/index.php?view=consumption,"National max relative standard error for Cooling Energy Source (Electricity) in C7, C8, C9."
p_nom_res_aircon,p_nom_aircon,Stock Service Air Conditioner,link,res-total-air-con,p_nom,percent,percent,-89,89,https://www.eia.gov/consumption/residential/data/2020/state/pdf/State%20Air%20Conditioning.pdf,Average relative standard error.
p_nom_com_gas_water_heater,p_nom_gas_water_heater,Stock Service Gas Water Heater,link,com-total-water-gas,p_nom,percent,percent,-18.7,18.7,https://www.eia.gov/consumption/commercial/data/2018/index.php?view=consumption,"National max relative standard error for Water-Heating Energy Source (Natural Gas) in C7, C8, C9."
p_nom_res_gas_water_heater,p_nom_gas_water_heater,Stock Service Gas Water Heater,link,res-total-water-gas,p_nom,percent,percent,-48,48,https://www.eia.gov/consumption/residential/data/2020/state/pdf/State%20Water%20Heating.pdf,Average relative standard error.
p_nom_com_lpg_water_heater,p_nom_lpg_water_heater,Stock Service Oil Water Heater,link,com-total-water-oil,p_nom,percent,percent,-71.3,71.3,https://www.eia.gov/consumption/commercial/data/2018/index.php?view=consumption,"National max relative standard error for Water-Heating Energy Source (Fuel Oil) in C7, C8, C9."
p_nom_res_lpg_water_heater,p_nom_lpg_water_heater,Stock Service Oil Water Heater,link,res-total-water-oil,p_nom,percent,percent,-2,2,https://www.eia.gov/consumption/residential/data/2020/state/pdf/State%20Water%20Heating.pdf,Average relative standard error.
p_nom_com_elec_water_heater,p_nom_elec_water_heater,Stock Service Electric Water Heater,link,com-total-water-elec,p_nom,percent,percent,-16.8,16.8,https://www.eia.gov/consumption/commercial/data/2018/index.php?view=consumption,"National max relative standard error for Water-Heating Energy Source (Electricity) in C7, C8, C9."
p_nom_res_elec_water_heater,p_nom_elec_water_heater,Stock Service Electric Water Heater,link,res-total-water-elec,p_nom,percent,percent,-46,46,https://www.eia.gov/consumption/residential/data/2020/state/pdf/State%20Water%20Heating.pdf,Average relative standard error.
p_nom_ind_gas_furnace,p_nom_ind_gas_furnace,Stock Industrial Gas Furnace,link,ind-gas-furnace,p_nom,percent,percent,-4,4,https://www.eia.gov/consumption/manufacturing/data/2018/pdf/Table5_6.pdf,Total fuel consumption max relative standard error for national gas 
p_nom_ind_coal_furnace,p_nom_ind_coal_furnace,Stock Industrial Coal Furnace,link,ind-coal-furnace,p_nom,percent,percent,-15.8,15.8,https://www.eia.gov/consumption/manufacturing/data/2018/pdf/Table5_6.pdf,Total fuel consumption max relative standard error for coal 
p_nom_ind_heat_pump,p_nom_ind_heat_pump,Stock Industrial Heat Pump,link,ind-heat-pump,p_nom,percent,percent,-9.8,9.8,https://www.eia.gov/consumption/manufacturing/data/2018/pdf/Table5_6.pdf,Total fuel consumption max relative standard error for net electricity 
p_nom_trn_elec_lgt,p_nom_trn_elec,Stock Electric Vehicles,link,trn-elec-veh-lgt,p_nom,percent,percent,-10,10,https://www.eia.gov/electricity/monthly/pdf/technotes-appendix-d.pdf,Estimated as vehicle stock uncertanity not quatified
p_nom_trn_elec_med,p_nom_trn_elec,Stock Electric Vehicles,link,trn-elec-veh-med,p_nom,percent,percent,-10,10,https://www.eia.gov/electricity/monthly/pdf/technotes-appendix-d.pdf,Estimated as vehicle stock uncertanity not quatified
p_nom_trn_elec_hvy,p_nom_trn_elec,Stock Electric Vehicles,link,trn-elec-veh-hvy,p_nom,percent,percent,-10,10,https://www.eia.gov/electricity/monthly/pdf/technotes-appendix-d.pdf,Estimated as vehicle stock uncertanity not quatified
p_nom_trn_elec_bus,p_nom_trn_elec,Stock Electric Vehicles,link,trn-elec-veh-bus,p_nom,percent,percent,-10,10,https://www.eia.gov/electricity/monthly/pdf/technotes-appendix-d.pdf,Estimated as vehicle stock uncertanity not quatified
p_nom_trn_lpg_lgt,p_nom_trn_lpg,Stock LPG Vehicles,link,trn-lpg-veh-lgt,p_nom,percent,percent,-10,10,https://www.eia.gov/electricity/monthly/pdf/technotes-appendix-d.pdf,Estimated as vehicle stock uncertanity not quatified
p_nom_trn_lpg_med,p_nom_trn_lpg,Stock LPG Vehicles,link,trn-lpg-veh-med,p_nom,percent,percent,-10,10,https://www.eia.gov/electricity/monthly/pdf/technotes-appendix-d.pdf,Estimated as vehicle stock uncertanity not quatified
p_nom_trn_lpg_hvy,p_nom_trn_lpg,Stock LPG Vehicles,link,trn-lpg-veh-hvy,p_nom,percent,percent,-10,10,https://www.eia.gov/electricity/monthly/pdf/technotes-appendix-d.pdf,Estimated as vehicle stock uncertanity not quatified
p_nom_trn_lpg_bus,p_nom_trn_lpg,Stock LPG Vehicles,link,trn-lpg-veh-bus,p_nom,percent,percent,-10,10,https://www.eia.gov/electricity/monthly/pdf/technotes-appendix-d.pdf,Estimated as vehicle stock uncertanity not quatified
ng_imports,ng_imports,Nat Gas Imports,link,gas trade,nat_gas_import,absolute,per_unit,0.88,1.088,https://www.eia.gov/dnav/ng/ng_move_state_dcu_nus_a.htm,Min/max difference from average of all export volume from 2019 to 2024
ng_exports,ng_exports,Nat Gas Exports,link,gas trade,nat_gas_export,absolute,per_unit,0.61,1.16,https://www.eia.gov/dnav/ng/ng_move_state_dcu_nus_a.htm,Min/max difference from average of all import volume from 2019 to 2024
ng_pipeline_efficiency,ng_pipeline_efficiency,Nat Gas Pipeline Efficiency,link,gas pipeline,efficiency,absolute,percent,80,100,https://www.sciencedirect.com/science/article/pii/S0360544219317645#sec5,Estimated upper bounds as this is anecdotally a common assumption 
ng_pipeline_dom_p_nom,ng_pipeline_p_nom,Nat Gas Pipeline Capacity,link,gas pipeline,p_nom,percent,percent,0,10,https://github.com/PyPSA/pypsa-usa/issues/487,Estimated due to inconsistencies in datasets from EIA
ng_pipeline_int_p_nom,ng_pipeline_p_nom,Nat Gas Pipeline Capacity,link,gas trade,p_nom,percent,percent,0,10,https://github.com/PyPSA/pypsa-usa/issues/487,Estimated due to inconsistencies in datasets from EIA
ng_processing_p_nom,ng_processing_p_nom,Nat Gas Processing Capacity,link,gas production,p_nom,percent,percent,0,50,https://www.eia.gov/todayinenergy/detail.php?id=62984,Export capacity used as a proxy
ng_leakage_upstream,ng_leakage_upstream,Nat Gas Leakage Upstream,link,leakage_upstream,leakage,absolute,per_unit,0.003,0.043,https://www.research.howarthlab.org/documents/Howarth_2021_Methane_and_Climate.pdf,Page 3 when discussing Table 6.1.
ng_leakage_downstream,ng_leakage_downstream,Nat Gas Leakage Downstream,link,leakage_downstream,leakage,absolute,per_unit,0.014,0.036,https://www.research.howarthlab.org/documents/Howarth_2021_Methane_and_Climate.pdf,Page 3 when discussing Table 6.1.
gwp,gwp,Global Warming Potential,link,gwp,gwp,absolute,per_unit,27,83,https://www.epa.gov/ghgemissions/understanding-global-warming-potentials#changingGWPs,Re. Are there alternatives to the 100-year GWP for comparing GHGs?
ng_marginal_cost_import,ng_marginal_cost_import,Nat Gas Import Cost,link_t,gas trade,marginal_cost,percent,percent,-52,42,https://www.eia.gov/dnav/ng/ng_move_state_dcu_nus_a.htm,Min/max difference from average of all export prices from 2019 to 2024
ng_marginal_cost_export,ng_marginal_cost_export,Nat Gas Export Cost,link_t,gas trade,marginal_cost,percent,percent,-62,47,https://www.eia.gov/dnav/ng/ng_move_state_dcu_nus_a.htm,Min/max difference from average of all import prices from 2019 to 2024
ng_linepack,ng_linepack,Nat Gas Linepack Capacity,store,gas pipeline,e_nom,percent,percent,-10,10,https://www.eia.gov/naturalgas/data.php,Estimated as no validation data sourced
ng_storage_limits,ng_storage_limits,Nat Gas Underground Storage,store,gas storage,e_min_pu,percent,percent,-0.4,0.4,https://ir.eia.gov/ngs/ngs.html,Working gas assumed as uncertanity for max gas. Sampling variablility table
res_electrical_demand,res_electrical_demand,Residential Electrical Demand,load_t,res-total-elec,p_set,percent,percent,-2.79,1.23,https://www.eia.gov/outlooks/aeo/,See notebook in repository
res_space_heat_demand,res_space_heat_demand,Residential Space Heat Demand,load_t,res-total-space-heat,p_set,percent,percent,-2.79,1.23,https://www.eia.gov/outlooks/aeo/,See notebook in repository
res_water_heat_deamand,res_water_heat_deamand,Residential Water Heat Demand,load_t,res-total-water-heat,p_set,percent,percent,-2.79,1.23,https://www.eia.gov/outlooks/aeo/,See notebook in repository
res_cooling_demand,res_cooling_demand,Residential Space Cooling Demand,load_t,res-total-cool,p_set,percent,percent,-2.79,1.23,https://www.eia.gov/outlooks/aeo/,See notebook in repository
com_electrical_demand,com_electrical_demand,Commercial Electrical Demand,load_t,com-total-elec,p_set,percent,percent,-3.07,0.91,https://www.eia.gov/outlooks/aeo/,See notebook in repository
com_cooling_demand,com_cooling_demand,Commercial Space Heat Demand,load_t,com-total-cool,p_set,percent,percent,-3.07,0.91,https://www.eia.gov/outlooks/aeo/,See notebook in repository
com_space_heat_demand,com_space_heat_demand,Commercial Water Heat Demand,load_t,com-total-space-heat,p_set,percent,percent,-3.07,0.91,https://www.eia.gov/outlooks/aeo/,See notebook in repository
com_water_heat_deamand,com_water_heat_deamand,Commercial Space Cooling Demand,load_t,com-total-water-heat,p_set,percent,percent,-3.07,0.91,https://www.eia.gov/outlooks/aeo/,See notebook in repository
ind_electrical_demand,ind_electrical_demand,Industrial Electrical Demand,load_t,ind-elec,p_set,percent,percent,-8.8,10.06,https://www.eia.gov/outlooks/aeo/,See notebook in repository
ind_heat_demand,ind_heat_demand,Industrial Heating Demand,load_t,ind-heat,p_set,percent,percent,-8.8,10.06,https://www.eia.gov/outlooks/aeo/,See notebook in repository
trn_veh_lgt_demand,trn_veh_lgt_demand,Light-Duty Vehicle Demand,load_t,trn-veh-lgt,p_set,percent,percent,-5.18,6.65,https://www.eia.gov/outlooks/aeo/,See notebook in repository
trn_veh_med_demand,trn_veh_med_demand,Med-Duty Vehicle Demand,load_t,trn-veh-med,p_set,percent,percent,-8.08,8.77,https://www.eia.gov/outlooks/aeo/,See notebook in repository
trn_veh_hvy_demand,trn_veh_hvy_demand,Heavy-Duty Vehicle Demand,load_t,trn-veh-hvy,p_set,percent,percent,-8.18,10.07,https://www.eia.gov/outlooks/aeo/,See notebook in repository
trn_veh_bus_demand,trn_veh_bus_demand,Bus Vehicle Demand,load_t,trn-veh-bus,p_set,percent,percent,-1.97,3.03,https://www.eia.gov/outlooks/aeo/,See notebook in repository
trn_ship_boat_demand,trn_ship_boat_demand,Domestic Shipping Demand,load_t,trn-boat-ship,p_set,percent,percent,-7.32,9.02,https://www.eia.gov/outlooks/aeo/,See notebook in repository
trn_rail_psg_demand,trn_rail_psg_demand,Passenger Rail Demand,load_t,trn-rail-psg,p_set,percent,percent,-8.29,12.94,https://www.eia.gov/outlooks/aeo/,See notebook in repository
trn_rail_ship_demand,trn_rail_ship_demand,Freight Rail Demand,load_t,trn-rail-ship,p_set,percent,percent,-11,15.55,https://www.eia.gov/outlooks/aeo/,See notebook in repository
trn_air_psg_demand,trn_air_psg_demand,Passenger Air Travel Demand,load_t,trn-air-psg,p_set,percent,percent,-7.46,8.12,https://www.eia.gov/outlooks/aeo/,See notebook in repository
ptc_solar,ptc_solar,PTC Solar,generator,solar,marginal_cost,absolute,USD/mwh,-27.5,0,https://www.epa.gov/lmop/renewable-electricity-production-tax-credit-information,Max applied to all renewable sources
ptc_onwind,ptc_wind,PTC Wind,generator,onwind,marginal_cost,absolute,USD/mwh,-27.5,0,https://www.epa.gov/lmop/renewable-electricity-production-tax-credit-information,Max applied to all renewable sources
ptc_offwind,ptc_wind,PTC Wind,generator,offwind_floating,marginal_cost,absolute,USD/mwh,-27.5,0,https://www.epa.gov/lmop/renewable-electricity-production-tax-credit-information,Max applied to all renewable sources
ptc_geo,ptc_geo,PTC Geo,generator,geothermal,marginal_cost,absolute,USD/mwh,-27.5,0,https://www.epa.gov/lmop/renewable-electricity-production-tax-credit-information,Max applied to all renewable sources
ptc_hydro,ptc_hydro,PTC Hydro,generator,hydro,marginal_cost,absolute,USD/mwh,-27.5,0,https://www.epa.gov/lmop/renewable-electricity-production-tax-credit-information,Max applied to all renewable sources
itc_solar,itc_solar,ITC Solar,generator,solar,itc,absolute,percent,0,30,https://www.epa.gov/green-power-markets/summary-inflation-reduction-act-provisions-related-renewable-energy,Max applied to all clean techs
itc_onwind,itc_wind,ITC Wind,generator,onwind,itc,absolute,percent,0,30,https://www.epa.gov/green-power-markets/summary-inflation-reduction-act-provisions-related-renewable-energy,Max applied to all clean techs
itc_offwind,itc_wind,ITC Wind,generator,offwind_floating,itc,absolute,percent,0,30,https://www.epa.gov/green-power-markets/summary-inflation-reduction-act-provisions-related-renewable-energy,Max applied to all clean techs
itc_geo,itc_geo,ITC Geo,generator,geothermal,itc,absolute,percent,0,30,https://www.epa.gov/green-power-markets/summary-inflation-reduction-act-provisions-related-renewable-energy,Max applied to all clean techs
itc_bio,itc_bio,ITC Bio,generator,biomass,itc,absolute,percent,0,30,https://www.epa.gov/green-power-markets/summary-inflation-reduction-act-provisions-related-renewable-energy,Max applied to all clean techs
itc_hydro,itc_hydro,ITC Hydro,generator,hydro,itc,absolute,percent,0,30,https://www.epa.gov/green-power-markets/summary-inflation-reduction-act-provisions-related-renewable-energy,Max applied to all clean techs
itc_4hrbat,itc_battery,ITC Battery,StorageUnit,4hr_battery_storage,itc,absolute,percent,0,30,https://www.epa.gov/green-power-markets/summary-inflation-reduction-act-provisions-related-renewable-energy,Max applied to all clean techs
itc_8hrbat,itc_battery,ITC Battery,StorageUnit,8hr_battery_storage,itc,absolute,percent,0,30,https://www.epa.gov/green-power-markets/summary-inflation-reduction-act-provisions-related-renewable-energy,Max applied to all clean techs
itc_nuclear,itc_nuclear,ITC Nuclear,generator,nuclear,itc,absolute,percent,0,30,https://www.epa.gov/green-power-markets/summary-inflation-reduction-act-provisions-related-renewable-energy,Max applied to all clean techs
discount_rate_res_gas_furnace,res_discount_rate,Residenital Discount Rate,link,res-total-space-gas-furnace,discount_rate,absolute,percent,7,13,https://www.nrel.gov/docs/fy18osti/70485.pdf,Figure A-5
discount_rate_res_lpg_furnace,res_discount_rate,Residenital Discount Rate,link,res-total-space-oil-furnace,discount_rate,absolute,percent,7,13,https://www.nrel.gov/docs/fy18osti/70485.pdf,Figure A-5
discount_rate_res_elec_furnace,res_discount_rate,Residenital Discount Rate,link,res-total-space-elec-furnace,discount_rate,absolute,percent,7,13,https://www.nrel.gov/docs/fy18osti/70485.pdf,Figure A-5
discount_rate_res_ashp,res_discount_rate,Residenital Discount Rate,link,res-total-ashp,discount_rate,absolute,percent,7,13,https://www.nrel.gov/docs/fy18osti/70485.pdf,Figure A-5
discount_rate_res_gshp,res_discount_rate,Residenital Discount Rate,link,res-total-gshp,discount_rate,absolute,percent,7,13,https://www.nrel.gov/docs/fy18osti/70485.pdf,Figure A-5
discount_rate_res_aircon,res_discount_rate,Residenital Discount Rate,link,res-total-air-con,discount_rate,absolute,percent,7,13,https://www.nrel.gov/docs/fy18osti/70485.pdf,Figure A-5
discount_rate_res_gas_water_heater,res_discount_rate,Residenital Discount Rate,link,res-total-water-gas,discount_rate,absolute,percent,7,13,https://www.nrel.gov/docs/fy18osti/70485.pdf,Figure A-5
discount_rate_res_lpg_water_heater,res_discount_rate,Residenital Discount Rate,link,res-total-water-oil,discount_rate,absolute,percent,7,13,https://www.nrel.gov/docs/fy18osti/70485.pdf,Figure A-5
discount_rate_res_elec_water_heater,res_discount_rate,Residenital Discount Rate,link,res-total-water-elec,discount_rate,absolute,percent,7,13,https://www.nrel.gov/docs/fy18osti/70485.pdf,Figure A-5
discount_rate_com_gas_furnace,com_discount_rate,Commercial Discount Rate,link,com-total-space-gas-furnace,discount_rate,absolute,percent,7,13,https://www.nrel.gov/docs/fy18osti/70485.pdf,Figure A-5
discount_rate_com_lpg_furnace,com_discount_rate,Commercial Discount Rate,link,com-total-space-oil-furnace,discount_rate,absolute,percent,7,13,https://www.nrel.gov/docs/fy18osti/70485.pdf,Figure A-5
discount_rate_com_elec_furnace,com_discount_rate,Commercial Discount Rate,link,com-total-space-elec-furnace,discount_rate,absolute,percent,7,13,https://www.nrel.gov/docs/fy18osti/70485.pdf,Figure A-5
discount_rate_com_ashp,com_discount_rate,Commercial Discount Rate,link,com-total-ashp,discount_rate,absolute,percent,7,13,https://www.nrel.gov/docs/fy18osti/70485.pdf,Figure A-5
discount_rate_com_gshp,com_discount_rate,Commercial Discount Rate,link,com-total-gshp,discount_rate,absolute,percent,7,13,https://www.nrel.gov/docs/fy18osti/70485.pdf,Figure A-5
discount_rate_com_aircon,com_discount_rate,Commercial Discount Rate,link,com-total-air-con,discount_rate,absolute,percent,7,13,https://www.nrel.gov/docs/fy18osti/70485.pdf,Figure A-5
discount_rate_com_gas_water_heater,com_discount_rate,Commercial Discount Rate,link,com-total-water-gas,discount_rate,absolute,percent,7,13,https://www.nrel.gov/docs/fy18osti/70485.pdf,Figure A-5
discount_rate_com_lpg_water_heater,com_discount_rate,Commercial Discount Rate,link,com-total-water-oil,discount_rate,absolute,percent,7,13,https://www.nrel.gov/docs/fy18osti/70485.pdf,Figure A-5
discount_rate_com_elec_water_heater,com_discount_rate,Commercial Discount Rate,link,com-total-water-elec,discount_rate,absolute,percent,7,13,https://www.nrel.gov/docs/fy18osti/70485.pdf,Figure A-5
discount_rate_ind_gas_furnace,ind_discount_rate,Industrial Discount Rate,link,ind-gas-furnace,discount_rate,absolute,percent,7,13,https://www.nrel.gov/docs/fy18osti/70485.pdf,Assumed same as res/com
discount_rate_ind_coal_furnace,ind_discount_rate,Industrial Discount Rate,link,ind-coal-furnace,discount_rate,absolute,percent,7,13,https://www.nrel.gov/docs/fy18osti/70485.pdf,Assumed same as res/com
discount_rate_ind_heat_pump,ind_discount_rate,Industrial Discount Rate,link,ind-heat-pump,discount_rate,absolute,percent,7,13,https://www.nrel.gov/docs/fy18osti/70485.pdf,Assumed same as res/com
discount_rate_trn_elec_lgt,trn_discount_rate,Transport Discount Rate,link,trn-elec-veh-lgt,discount_rate,absolute,percent,7,13,https://www.nrel.gov/docs/fy18osti/70485.pdf,Figure A-2
discount_rate_trn_elec_med,trn_discount_rate,Transport Discount Rate,link,trn-elec-veh-med,discount_rate,absolute,percent,7,13,https://www.nrel.gov/docs/fy18osti/70485.pdf,Figure A-2
discount_rate_trn_elec_hvy,trn_discount_rate,Transport Discount Rate,link,trn-elec-veh-hvy,discount_rate,absolute,percent,7,13,https://www.nrel.gov/docs/fy18osti/70485.pdf,Figure A-2
discount_rate_trn_elec_bus,trn_discount_rate,Transport Discount Rate,link,trn-elec-veh-bus,discount_rate,absolute,percent,7,13,https://www.nrel.gov/docs/fy18osti/70485.pdf,Figure A-2
discount_rate_trn_lpg_lgt,trn_discount_rate,Transport Discount Rate,link,trn-lpg-veh-lgt,discount_rate,absolute,percent,7,13,https://www.nrel.gov/docs/fy18osti/70485.pdf,Figure A-2
discount_rate_trn_lpg_med,trn_discount_rate,Transport Discount Rate,link,trn-lpg-veh-med,discount_rate,absolute,percent,7,13,https://www.nrel.gov/docs/fy18osti/70485.pdf,Figure A-2
discount_rate_trn_lpg_hvy,trn_discount_rate,Transport Discount Rate,link,trn-lpg-veh-hvy,discount_rate,absolute,percent,7,13,https://www.nrel.gov/docs/fy18osti/70485.pdf,Figure A-2
discount_rate_trn_lpg_bus,trn_discount_rate,Transport Discount Rate,link,trn-lpg-veh-bus,discount_rate,absolute,percent,7,13,https://www.nrel.gov/docs/fy18osti/70485.pdf,Figure A-2
eff_trn_ship_boat,eff_trn_ship_boat,Efficiency Domestic Shipping,link,trn-lpg-boat-ship,efficiency,percent,percent,-3.9,4.6,https://www.eia.gov/outlooks/aeo/,Difference from reference on low/high economic scenarios
eff_trn_rail_psg,eff_trn_rail_psg,Efficiency Passenger Rail,link,trn-lpg-rail-psg,efficiency,percent,percent,-8.1,8.1,https://www.eia.gov/outlooks/aeo/,Difference from reference on low/high economic scenarios
eff_trn_rail_ship,eff_trn_rail_ship,Efficiency Freight Rail,link,trn-lpg-rail-ship,efficiency,percent,percent,-5.5,7.6,https://www.eia.gov/outlooks/aeo/,Difference from reference on low/high economic scenarios
eff_trn_air_psg,eff_trn_air_psg,Efficiency Passenger Air,link,trn-lpg-air-psg,efficiency,percent,percent,-4.7,2.5,https://www.eia.gov/outlooks/aeo/,Difference from reference on low/high economic scenarios
res_gshp_limit,gshp_limit,GSHP Capacity,link,res-total-space-heat,gshp,absolute,per_unit,0.9,1.1,https://www.census.gov/programs-surveys/acs/guidance/statistical-testing-tool.html,Assumed as we only know 90% confidence interval
com_gshp_limit,gshp_limit,GSHP Capacity,link,com-total-space-heat,gshp,absolute,per_unit,0.9,1.1,https://www.census.gov/programs-surveys/acs/guidance/statistical-testing-tool.html,Assumed as we only know 90% confidence interval
coal_cost,coal_cost,Coal Fuel Cost,store_t,coal,marginal_cost,percent,percent,-6.2,8,https://www.eia.gov/outlooks/aeo/,See notebook in repository
oil_cost,oil_cost,Oil Fuel Cost,store_t,oil,marginal_cost,percent,percent,-40,66,https://www.eia.gov/outlooks/aeo/,See notebook in repository
lpg_cost,lpg_cost,LPG Fuel Cost,store_t,lpg,marginal_cost,percent,percent,-28.5,59.6,https://www.eia.gov/outlooks/aeo/,See notebook in repository
nuclear_cost,nuclear_cost,Uranium Fuel Cost,generator,nuclear,marginal_cost,percent,percent,-0.3,0.3,https://www.eia.gov/outlooks/aeo/,See notebook in repository
demand_response,demand_response,Demand Response,store,demand_response,marginal_cost_storage,absolute,USD/mwh,20,100,https://www.eia.gov/outlooks/aeo/,Approximated by looking at time-of-use rates of different states
load_shedding,load_shedding,Load Shedding,generator,load,marginal_cost,absolute,USD/mwh,90666,825400,https://www.osti.gov/servlets/purl/1172643,Table ES-1. Min/max average of over all time frames
transmission_expansion,transmission_expansion,Transmission Expansion,link,AC,lv,absolute,per_unit,0,0.064,https://www.nrel.gov/grid/national-transmission-planning-study.html,Growth from 2025 to 2030 in AC scenario (6.4%)
transmission_itl,transmission_itl,Transmission Flows,link,AC,p_nom,percent,percent,-1,6.4,https://arxiv.org/abs/2308.03612,Lower bound assumed as no uncertainity given. Upper bounnd is growth rate from transmission expansion
ev_policy_lgt_duty,ev_policy,EV Generation Limit,link,trn-elec-veh-lgt,ev_policy,absolute,percent,11,34,https://www.nrel.gov/docs/fy18osti/71500.pdf,Assumed +/- on from reference and high scenario case (Fig. 6.3)
ev_policy_med_duty,ev_policy,EV Generation Limit,link,trn-elec-veh-med,ev_policy,absolute,percent,2,17,https://www.nrel.gov/docs/fy18osti/71500.pdf,Assumed +/- on from reference and high scenario case (Fig. 6.3)
ev_policy_hvy_duty,ev_policy,EV Generation Limit,link,trn-elec-veh-hvy,ev_policy,absolute,percent,0,6,https://www.nrel.gov/docs/fy18osti/71500.pdf,Assumed +/- on from reference and high scenario case (Fig. 6.3)
ev_policy_bus,ev_policy,EV Generation Limit,link,trn-elec-veh-bus,ev_policy,absolute,percent,0,34,https://www.nrel.gov/docs/fy18osti/71500.pdf,Assumed +/- on from reference and high scenario case (Fig. 6.3)
rps,rps,Renewable Portfolio Standard,generator,portfolio,rps,absolute,per_unit,0,1,https://emp.lbl.gov/projects/renewables-portfolio/,No policy to full policy
elec_trade_flow,elec_trade_flow,Electricity Trade Volume,link,portfolio,elec_trade,absolute,per_unit,0.95,1.05,https://catalystcoop-pudl.readthedocs.io/en/latest/data_sources/eia930.html,+/- 5% Assumed by looking at historical interchange data
elec_import_price,elec_import_price,Electricity Import Price,link_t,imports,marginal_cost,percent,percent,-18,18,https://www.eia.gov/electricity/wholesale/#history,Average diviation from 2015-2024 annual weighted spot price
elec_export_price,elec_export_price,Electricity Export Price,link_t,exports,marginal_cost,percent,percent,-18,18,https://www.eia.gov/electricity/wholesale/#history,Average diviation from 2015-2024 annual weighted spot price
elec_import_rec_price,elec_import_rec_price,Electricity Import REC Price,link,imports_rec,rec,absolute,USD/mwh,35,200,https://eta-publications.lbl.gov/sites/default/files/lbnl_rps_ces_status_report_2024_edition.pdf,Prices for NEPOOL Class I RECs
elec_import_co2,elec_import_co2,Electricity Import CO2,link,imports,efficiency2,absolute,T/mwh,0.335,0.363,https://app.electricitymaps.com/,Min/Max of 2021-2024 of direct emissions at a USA yearly average
ind_heat_ff_production,ind_heat_ff_production,Industrial Heat Fossil Fuel Production,link,heat_portfolio,ind_heat_ff_production,absolute,per_unit,0.7,0.8,hhttps://www.mckinsey.com/industries/industrials-and-electronics/our-insights/tackling-heat-electrification-to-decarbonize-industry,Assumed lower estimate as artile expects trends to change after 2030
landuse,landuse,Land Use,generator,portfolio,landuse,absolute,per_unit,0.98,1.02,https://atlite.readthedocs.io/en/latest/examples/landuse-availability.html,Assumed to match capfac of wind/solar